INSERT INTO SURVEY(SUBJECT,COUNTRY) VALUES ('8000001','ES');
INSERT INTO SURVEY(SUBJECT,COUNTRY) VALUES ('8000002','ES');
INSERT INTO SURVEY(SUBJECT,COUNTRY) VALUES ('8000003','ES');
INSERT INTO SURVEY(SUBJECT,COUNTRY) VALUES ('8000004','ES');
INSERT INTO SURVEY(SUBJECT,COUNTRY) VALUES ('8000005','ES');
INSERT INTO SURVEY(SUBJECT,COUNTRY) VALUES ('8000006','ES');
INSERT INTO SURVEY(SUBJECT,COUNTRY) VALUES ('8000007','ES');
INSERT INTO SURVEY(SUBJECT,COUNTRY) VALUES ('8000008','ES');
INSERT INTO SURVEY(SUBJECT,COUNTRY) VALUES ('8000009','ES');
INSERT INTO SURVEY(SUBJECT,COUNTRY) VALUES ('8000010','ES');
INSERT INTO SURVEY(SUBJECT,COUNTRY) VALUES ('8000011','ES');
INSERT INTO SURVEY(SUBJECT,COUNTRY) VALUES ('8000012','ES');
INSERT INTO SURVEY(SUBJECT,COUNTRY) VALUES ('8000013','ES');
INSERT INTO SURVEY(SUBJECT,COUNTRY) VALUES ('8000014','ES');
INSERT INTO SURVEY(SUBJECT,COUNTRY) VALUES ('8000015','ES');
INSERT INTO SURVEY(SUBJECT,COUNTRY) VALUES ('8000016','ES');
INSERT INTO SURVEY(SUBJECT,COUNTRY) VALUES ('8000017','ES');
INSERT INTO SURVEY(SUBJECT,COUNTRY) VALUES ('8000018','ES');
INSERT INTO SURVEY(SUBJECT,COUNTRY) VALUES ('8000019','ES');
INSERT INTO SURVEY(SUBJECT,COUNTRY) VALUES ('8000020','ES');
INSERT INTO SURVEY(SUBJECT,COUNTRY) VALUES ('8000021','ES');
INSERT INTO SURVEY(SUBJECT,COUNTRY) VALUES ('8000022','ES');
INSERT INTO SURVEY(SUBJECT,COUNTRY) VALUES ('8000023','ES');
INSERT INTO SURVEY(SUBJECT,COUNTRY) VALUES ('8000024','ES');
INSERT INTO SURVEY(SUBJECT,COUNTRY) VALUES ('8000025','ES');
INSERT INTO SURVEY(SUBJECT,COUNTRY) VALUES ('8000026','ES');
INSERT INTO SURVEY(SUBJECT,COUNTRY) VALUES ('8000027','ES');
INSERT INTO SURVEY(SUBJECT,COUNTRY) VALUES ('8000028','ES');
INSERT INTO SURVEY(SUBJECT,COUNTRY) VALUES ('8000029','ES');
INSERT INTO SURVEY(SUBJECT,COUNTRY) VALUES ('8000030','ES');

INSERT INTO TARGET(GENDER,AGE,INCOME_CURRENCY,INCOME_QUANTITY) VALUES ('M',30,'EUR', 10000);
INSERT INTO TARGET(GENDER,AGE,INCOME_CURRENCY,INCOME_QUANTITY) VALUES ('M',22,'EUR', 12000);
INSERT INTO TARGET(GENDER,AGE,INCOME_CURRENCY,INCOME_QUANTITY) VALUES ('F',32,'EUR', 30000);
INSERT INTO TARGET(GENDER,AGE,INCOME_CURRENCY,INCOME_QUANTITY) VALUES ('F',18,'EUR', 22000);
INSERT INTO TARGET(GENDER,AGE,INCOME_CURRENCY,INCOME_QUANTITY) VALUES ('M',45,'EUR', 90000);
INSERT INTO TARGET(GENDER,AGE,INCOME_CURRENCY,INCOME_QUANTITY) VALUES ('M',50,'EUR', 40000);
INSERT INTO TARGET(GENDER,AGE,INCOME_CURRENCY,INCOME_QUANTITY) VALUES ('M',69,'EUR', 10000);
INSERT INTO TARGET(GENDER,AGE,INCOME_CURRENCY,INCOME_QUANTITY) VALUES ('M',18,'EUR', 12000);
INSERT INTO TARGET(GENDER,AGE,INCOME_CURRENCY,INCOME_QUANTITY) VALUES ('F',19,'EUR', 30000);
INSERT INTO TARGET(GENDER,AGE,INCOME_CURRENCY,INCOME_QUANTITY) VALUES ('F',23,'EUR', 22000);
INSERT INTO TARGET(GENDER,AGE,INCOME_CURRENCY,INCOME_QUANTITY) VALUES ('M',77,'EUR', 9000);
INSERT INTO TARGET(GENDER,AGE,INCOME_CURRENCY,INCOME_QUANTITY) VALUES ('M',45,'EUR', 40000);
INSERT INTO TARGET(GENDER,AGE,INCOME_CURRENCY,INCOME_QUANTITY) VALUES ('M',30,'EUR', 10000);
INSERT INTO TARGET(GENDER,AGE,INCOME_CURRENCY,INCOME_QUANTITY) VALUES ('M',22,'EUR', 12000);
INSERT INTO TARGET(GENDER,AGE,INCOME_CURRENCY,INCOME_QUANTITY) VALUES ('F',39,'EUR', 30000);
INSERT INTO TARGET(GENDER,AGE,INCOME_CURRENCY,INCOME_QUANTITY) VALUES ('F',40,'EUR', 22000);
INSERT INTO TARGET(GENDER,AGE,INCOME_CURRENCY,INCOME_QUANTITY) VALUES ('M',19,'EUR', 55000);
INSERT INTO TARGET(GENDER,AGE,INCOME_CURRENCY,INCOME_QUANTITY) VALUES ('M',39,'EUR', 40000);
INSERT INTO TARGET(GENDER,AGE,INCOME_CURRENCY,INCOME_QUANTITY) VALUES ('M',31,'EUR', 30000);
INSERT INTO TARGET(GENDER,AGE,INCOME_CURRENCY,INCOME_QUANTITY) VALUES ('M',25,'EUR', 22000);
INSERT INTO TARGET(GENDER,AGE,INCOME_CURRENCY,INCOME_QUANTITY) VALUES ('F',54,'EUR', 10000);
INSERT INTO TARGET(GENDER,AGE,INCOME_CURRENCY,INCOME_QUANTITY) VALUES ('F',26,'EUR', 72000);
INSERT INTO TARGET(GENDER,AGE,INCOME_CURRENCY,INCOME_QUANTITY) VALUES ('M',29,'EUR', 19000);
INSERT INTO TARGET(GENDER,AGE,INCOME_CURRENCY,INCOME_QUANTITY) VALUES ('M',30,'EUR', 40000);

INSERT INTO SURVEY_DATA(SURVEY_ID, TARGET_ID) VALUES ('8000001',1);
INSERT INTO SURVEY_DATA(SURVEY_ID, TARGET_ID) VALUES ('8000001',2);
INSERT INTO SURVEY_DATA(SURVEY_ID, TARGET_ID) VALUES ('8000001',3);
INSERT INTO SURVEY_DATA(SURVEY_ID, TARGET_ID) VALUES ('8000001',4);
INSERT INTO SURVEY_DATA(SURVEY_ID, TARGET_ID) VALUES ('8000001',5);
INSERT INTO SURVEY_DATA(SURVEY_ID, TARGET_ID) VALUES ('8000001',6);
INSERT INTO SURVEY_DATA(SURVEY_ID, TARGET_ID) VALUES ('8000002',7);
INSERT INTO SURVEY_DATA(SURVEY_ID, TARGET_ID) VALUES ('8000002',8);
INSERT INTO SURVEY_DATA(SURVEY_ID, TARGET_ID) VALUES ('8000002',9);
INSERT INTO SURVEY_DATA(SURVEY_ID, TARGET_ID) VALUES ('8000002',10);
INSERT INTO SURVEY_DATA(SURVEY_ID, TARGET_ID) VALUES ('8000002',11);
INSERT INTO SURVEY_DATA(SURVEY_ID, TARGET_ID) VALUES ('8000003',12);
INSERT INTO SURVEY_DATA(SURVEY_ID, TARGET_ID) VALUES ('8000005',13);
INSERT INTO SURVEY_DATA(SURVEY_ID, TARGET_ID) VALUES ('8000005',14);
INSERT INTO SURVEY_DATA(SURVEY_ID, TARGET_ID) VALUES ('8000006',15);
INSERT INTO SURVEY_DATA(SURVEY_ID, TARGET_ID) VALUES ('8000007',16);
INSERT INTO SURVEY_DATA(SURVEY_ID, TARGET_ID) VALUES ('8000008',17);
INSERT INTO SURVEY_DATA(SURVEY_ID, TARGET_ID) VALUES ('8000008',18);
INSERT INTO SURVEY_DATA(SURVEY_ID, TARGET_ID) VALUES ('8000008',19);
INSERT INTO SURVEY_DATA(SURVEY_ID, TARGET_ID) VALUES ('8000010',20);
INSERT INTO SURVEY_DATA(SURVEY_ID, TARGET_ID) VALUES ('8000010',21);
INSERT INTO SURVEY_DATA(SURVEY_ID, TARGET_ID) VALUES ('8000010',22);
INSERT INTO SURVEY_DATA(SURVEY_ID, TARGET_ID) VALUES ('8000010',23);
INSERT INTO SURVEY_DATA(SURVEY_ID, TARGET_ID) VALUES ('8000011',24);

INSERT INTO PROVIDER(ID,NAME,EMAIL,API_URL,FTP_URL) VALUES ('TGI','Kantar','kantar@email.com',null,null);
INSERT INTO PROVIDER(ID,NAME,EMAIL,API_URL,FTP_URL) VALUES ('CAR','Caravelo','support@caravelo.com',null,null);
INSERT INTO PROVIDER(ID,NAME,EMAIL,API_URL,FTP_URL) VALUES ('AAS','Air Asia','contact@airasia.com',null,null);
INSERT INTO PROVIDER(ID,NAME,EMAIL,API_URL,FTP_URL) VALUES ('AXA','AXA','info@axa.com',null,null);
INSERT INTO PROVIDER(ID,NAME,EMAIL,API_URL,FTP_URL) VALUES ('FIN','Finnair','finnair@finnari.com','https://integrations-surveys.caravelo.com',null);